{
  "height": 187.20704845814979,
  "tabOrder": 13000,
  "width": 399.22466960352421,
  "x": 613.49779735682819,
  "y": 63.154185022026432,
  "z": 1000
}