{
  "height": 79.82022471910112,
  "tabOrder": 4000,
  "width": 168.2696629213483,
  "x": 844.5096075433612,
  "y": 502.77679222070867,
  "z": 6000
}