{
  "height": 30.142977291841884,
  "tabOrder": 11000,
  "width": 945.19764507989908,
  "x": 0,
  "y": 691.13540790580316,
  "z": 11000
}