{
  "height": 110.22222222222223,
  "tabOrder": 1000,
  "width": 715.85185185185185,
  "x": 533.38515248128931,
  "y": 573.15187723687143,
  "z": 6000
}