{
  "height": 205.12246326102169,
  "tabOrder": 8000,
  "width": 817.80265920223928,
  "x": 462.19734079776066,
  "y": 272.30230930720785,
  "z": 9000
}