{
  "height": 417.2570640937285,
  "width": 802.75671950379046,
  "x": 452.54307374224675,
  "y": 79.3935217091661,
  "z": 8000
}