{
  "height": 610.39529015979815,
  "tabOrder": 5000,
  "width": 591.01766190075693,
  "x": 0,
  "y": 81.8166526492851,
  "z": 2000
}