{
  "height": 209.77777777777777,
  "tabOrder": 12000,
  "width": 743.11111111111109,
  "x": 520.2962962962963,
  "y": 480,
  "z": 2000
}