{
  "height": 64.592094196804041,
  "tabOrder": 9000,
  "width": 1278.9234650967198,
  "x": 1.0765349032800673,
  "y": 0,
  "z": 10000
}