{
  "height": 60.898678414096914,
  "tabOrder": 14000,
  "width": 136.45814977973569,
  "x": 744.31718061674007,
  "y": 175.92951541850221,
  "z": 14000
}