{
  "height": 69.506346967559935,
  "tabOrder": 2000,
  "width": 306.91114245416077,
  "x": 822.3413258110013,
  "y": 0,
  "z": 2000
}