{
  "height": 82.89318755256518,
  "tabOrder": 2000,
  "width": 326.19007569386036,
  "x": 537.19091673675359,
  "y": 81.893187521800911,
  "z": 4000
}