{
  "height": 39.696760854583047,
  "tabOrder": 9000,
  "width": 202.01240523776707,
  "x": 1054.1695382494831,
  "y": 31.757408683666437,
  "z": 11000
}