{
  "height": 95.384615384615387,
  "tabOrder": 6000,
  "width": 173.33333333333334,
  "x": 165.79918418751868,
  "y": 288.18331323319813,
  "z": 2000
}