{
  "height": 39.587628865979383,
  "tabOrder": 7000,
  "width": 181.14339268978443,
  "x": 157.15089034676663,
  "y": 658.59418931583878,
  "z": 7000
}