{
  "height": 60.898678414096914,
  "tabOrder": 15000,
  "width": 131.94713656387665,
  "x": 880.77533039647574,
  "y": 175.92951541850221,
  "z": 15000
}