{
  "height": 225.33235938641343,
  "tabOrder": 5000,
  "width": 635.79254930606282,
  "x": 644.20745069393718,
  "y": 494.60920379839297,
  "z": 5000
}