{
  "height": 416.37491385251553,
  "tabOrder": 8000,
  "width": 803.63886974500349,
  "x": 452.54307374224675,
  "y": 79.3935217091661,
  "z": 9000
}