{
  "height": 47.47375787263821,
  "tabOrder": 4000,
  "width": 54.639608117564727,
  "x": 0,
  "y": 616.26312106368084,
  "z": 4000
}