{
  "height": 207.79916317991632,
  "tabOrder": 8000,
  "width": 786.20920502092054,
  "x": 477.72384937238496,
  "y": 267.78242677824267,
  "z": 12000
}