{
  "height": 78.533145275035253,
  "tabOrder": 3000,
  "width": 204.9083215796897,
  "x": 835.88152327221428,
  "y": 8.1241184767277854,
  "z": 3000
}