{
  "height": 92.073342736248236,
  "width": 1194.2454160789844,
  "x": 68.6036671368124,
  "y": 100.19746121297601,
  "z": 0
}