{
  "height": 39.696760854583047,
  "tabOrder": 10000,
  "width": 202.01240523776707,
  "x": 1055.0516884906961,
  "y": 31.757408683666437,
  "z": 10000
}