{
  "height": 333.17018909899889,
  "width": 381.579532814238,
  "x": 0,
  "y": 0,
  "z": 0
}