{
  "height": 488.34978843441462,
  "tabOrder": 2000,
  "width": 1194.2454160789844,
  "x": 68.6036671368124,
  "y": 211.22708039492241,
  "z": 2000
}