{
  "height": 95.384615384615387,
  "tabOrder": 1000,
  "width": 173.33333333333334,
  "x": 165.79918418751868,
  "y": 97.414082463967347,
  "z": 1000
}