{
  "height": 217.46005046257358,
  "width": 416.61900756938604,
  "x": 863.3809924306139,
  "y": 54.979814939799212,
  "z": 1000
}