{
  "height": 58.46153846153846,
  "tabOrder": 5000,
  "width": 56.410256410256409,
  "x": 0,
  "y": 57.435897435897438,
  "z": 5000
}