{
  "height": 81.8166526492851,
  "tabOrder": 3000,
  "width": 326.19007569386036,
  "x": 537.19091673675359,
  "y": 174.47518920388666,
  "z": 5000
}