{
  "height": 95.384615384615387,
  "tabOrder": 4000,
  "width": 173.33333333333334,
  "x": 165.79918418751868,
  "y": 192.79869784858292,
  "z": 3000
}