{
  "height": 78.533145275035253,
  "tabOrder": 6000,
  "width": 204.9083215796897,
  "x": 1040.789844851904,
  "y": 8.1241184767277854,
  "z": 7000
}