{
  "height": 66.798307475317344,
  "tabOrder": 7000,
  "width": 237.40479548660082,
  "x": 1011.904090267983,
  "y": 493.7658674188998,
  "z": 11000
}