{
  "height": 66.798307475317344,
  "tabOrder": 4000,
  "width": 168.80112834978843,
  "x": 813.314527503526,
  "y": 493.7658674188998,
  "z": 9000
}