{
  "height": 101.35949544498949,
  "width": 198.23405746320955,
  "x": 608.156972669937,
  "y": 115.71128241065172,
  "z": 5001
}