{
  "height": 107.13656387665198,
  "tabOrder": 4000,
  "width": 189.46255506607929,
  "x": 429.67400881057267,
  "y": 356.37004405286342,
  "z": 4000
}