{
  "height": 69.506346967559935,
  "tabOrder": 3000,
  "width": 306.91114245416077,
  "x": 515.43018335684053,
  "y": 0,
  "z": 3000
}