{
  "height": 60.898678414096914,
  "tabOrder": 3000,
  "width": 130.81938325991189,
  "x": 613.49779735682819,
  "y": 175.92951541850221,
  "z": 8000
}