{
  "height": 78.533145275035253,
  "tabOrder": 1000,
  "width": 211.22708039492241,
  "x": 624.65444287729179,
  "y": 6.3187588152327212,
  "z": 1000
}