{
  "height": 309.43975441289331,
  "tabOrder": 11000,
  "width": 276.039907904835,
  "x": 114.44359171143519,
  "y": 82.0260936300844,
  "z": 0
}