{
  "height": 213.00911854103344,
  "width": 252.88753799392097,
  "x": 1029.0577507598784,
  "y": 54.468085106382979,
  "z": 4000
}