{
  "height": 107.13656387665198,
  "tabOrder": 5000,
  "width": 189.46255506607929,
  "x": 210.88986784140968,
  "y": 356.37004405286342,
  "z": 5000
}