{
  "height": 720.44493882091206,
  "tabOrder": 3000,
  "width": 381.579532814238,
  "x": 861.40155728587308,
  "y": 0,
  "z": 3000
}