{
  "height": 415.23272214386458,
  "width": 1270.070521861777,
  "x": 9.9294781382228479,
  "y": 69.506346967559935,
  "z": 0
}