{
  "height": 79.82022471910112,
  "tabOrder": 7000,
  "width": 237.30337078651684,
  "x": 1042.9815176557208,
  "y": 502.77679222070867,
  "z": 8000
}