{
  "height": 71.051303616484432,
  "tabOrder": 10000,
  "width": 116.26576955424726,
  "x": 1014.0958788898233,
  "y": 129.26072326612388,
  "z": 0
}