{
  "height": 178.46153846153845,
  "tabOrder": 2000,
  "width": 803.07692307692309,
  "x": 452.30769230769232,
  "y": 518.974358974359,
  "z": 4000
}