{
  "height": 64,
  "tabOrder": 9000,
  "width": 1224.2962962962963,
  "x": 56.888888888888886,
  "y": 0,
  "z": 0
}