{
  "height": 79.82022471910112,
  "tabOrder": 6000,
  "width": 286.92134831460675,
  "x": 515.52084349841743,
  "y": 502.77679222070867,
  "z": 7000
}