{
  "height": 610.37037037037032,
  "tabOrder": 5000,
  "width": 591.40740740740739,
  "x": 35.555555555555557,
  "y": 69.925925925925924,
  "z": 5000
}