{
  "height": 225.33235938641343,
  "tabOrder": 4000,
  "width": 634.85756026296565,
  "x": 10.284879474068664,
  "y": 494.60920379839297,
  "z": 4000
}