{
  "height": 30.814814814814813,
  "tabOrder": 11000,
  "width": 941.03703703703707,
  "x": 56.888888888888886,
  "y": 689.77777777777783,
  "z": 13000
}