{
  "height": 92.475770925110126,
  "tabOrder": 2000,
  "width": 368.77533039647579,
  "x": 628.15859030837009,
  "y": 71.048458149779734,
  "z": 7000
}