{
  "height": 71.048458149779734,
  "tabOrder": 10000,
  "width": 116.15859030837004,
  "x": 1098.431718061674,
  "y": 127.43612334801762,
  "z": 3000
}