{
  "height": 67.700987306064874,
  "tabOrder": 6000,
  "width": 251.84767277856133,
  "x": 533.48377997179125,
  "y": 492.8631875881523,
  "z": 10000
}