{
  "height": 68.6036671368124,
  "tabOrder": 7000,
  "width": 527.16502115655851,
  "x": 68.6036671368124,
  "y": 8.1241184767277854,
  "z": 6000
}