{
  "height": 110.02247191011236,
  "tabOrder": 1000,
  "width": 816.5393258426966,
  "x": 463.63730431432361,
  "y": 583.3033674029823,
  "z": 3000
}