{
  "height": 69.6234309623431,
  "tabOrder": 1000,
  "width": 515.21338912133888,
  "x": 0,
  "y": 0,
  "z": 1000
}